problem,genotype,phenotype,error,runtime(s),runtime(g),runtime(fes),pinit
F1,"[[[0, 0.00263526142054904, 0]], [[2, 0.42583235682120457, 1]], [[0, 0.29645703853296873, 2]], [[0, 0.13521948636133485, 1]], [[0, 0.7857669482043029, 1]], [[1, 0.9057621892757053, 2]], [[1, 0.5213149273490785, 2]], [[3, 0.3024820556501713, 3], [11, 0.9320185533222393, 3], [0, 0.0, 3]], [[1, 0.5053931206380421, 2]], [[0, 0.14991462136059297, 3], [0, 0.11027720331563923, 3], [2, 0.3841471105224926, 3]], [[1, 0.9836223277533729, 2]], [[3, 0.7421649786942992, 4]], [[0, 0.26472033089804037, 3], [0, 0.04457260801979657, 3]], [[0, 0.3619958976426497, 3]], [[1, 0.6083412011291501, 4], [0, 0.0, 4], [1, 0.615893734186466, 4], [1, 0.9492186526274122, 4]], [[1, 0.8908291961379498, 5], [0, 0.24735796626017792, 5], [1, 0.9389135544350515, 5], [1, 0.9112752627233381, 5]], [[2, 0.3860695226438028, 5], [3, 0.5531974910215123, 5], [4, 0.8314053448324417, 5], [0, 0.1495095558627575, 5]], [[10, 1.0, 5], [0, 0.07961908107754112, 5], [4, 0.4330812022257351, 5], [10, 0.9225643224917441, 5]], [[0, 0.20422082547468667, 4], [0, 0.3845551257690558, 4]], [[0, 0.29845129972270923, 5], [0, 0.11581469561764757, 5], [1, 0.8824363179742455, 5]], [[0, 0.2887476779342638, 5], [0, 0.07232327364728319, 6], [0, 0.8395521363700684, 3], [0, 0.14032727457508776, 6], [0, 0.35762941645648294, 3], [0, 0.09099418012228089, 4], [0, 0.4731452353837974, 5], [0, 0.870675225553928, 6], [0, 0.5025585105682843, 3]], [[0, 0.0757292983168778, 4], [1, 0.6760897506986062, 2], [0, 0.3239173120681562, 4], [0, 0.22410115661120666, 2]], [[1, 0.7955609251816721, 1]], [[2, 0.40540428271032236, 1]], [[7, 0.818095457359683, 3], [5, 0.5831593446733526, 6], [1, 0.17339150625934951, 7], [4, 0.46449179934541374, 3], [4, 0.538059633295124, 4], [1, 0.18945384083432948, 3], [0, 0.04493977971831864, 7], [4, 0.43653187723097564, 3], [5, 0.5499764847427644, 4], [7, 0.8431589665934038, 3], [6, 0.7564814667428942, 3], [6, 0.7200941939143527, 4], [5, 0.5998986391634437, 3], [3, 0.38093254995930503, 4], [2, 0.2702072156049232, 3]], [[0, 0.014370065106754981, 4], [9, 0.9391502515316745, 4], [8, 0.799312999265457, 4], [9, 0.9743418257237952, 4], [9, 1.0, 3], [6, 0.6076850697829805, 3], [8, 0.7830880790693298, 3], [0, 0.08744917489161319, 2], [0, 0.10777910688528036, 2], [0, 0.027137330881584765, 2]]]","popsize=150\nparams=Params(lshade.memory(8))\noptimizer=create_optimizer(Ignore,update_strategy(Ignore,ensemble.either(mutation.rand_to_best_2(params.adaptative(param_strategy(0.6,jade.normal_get_strategy(0.2),ilshade.normal_repair_strategy(),nshade.normal_learning_strategy())), include_archive=True),mutation.cma(),params.adaptative(random.boolean(low=0.0,high=0.9,weighted=False,learning_rate=Ignore))),ensemble.either(crossover.all(),crossover.all(),params.adaptative(random.boolean(low=0.8,high=0.9,weighted=False,learning_rate=Ignore))),reparation.clip(),booster.imode(0.965, 0.5, 0.82)),archive(round(popsize*0.0), allow_resizing=False),popsize,params)",6.355287432313019e-15,261666.21835756302,15,1350,30
F2,"[[[0, 0.03505151954882568, 0]], [[3, 0.7444868224361312, 1]], [[1, 0.9645391211711832, 2]], [[1, 0.42807980262070255, 1]], [[0, 0.12167575775386386, 1]], [[1, 0.9302030972247248, 2]], [[0, 0.09476200966497561, 2]], [[11, 0.953598437746076, 3]], [[1, 0.4229384170260957, 2]], [[0, 0.1332224474823791, 3], [0, 0.0745943062828347, 3]], [[0, 0.0824508725225499, 2]], [], [[1, 0.9818471119891056, 3]], [], [], [], [], [], [[1, 0.7484074979718525, 4]], [], [[0, 0.9324699641008015, 2], [0, 0.9989986407369625, 5], [0, 0.26336266862557245, 3]], [], [[0, 0.26358535452473464, 1]], [[6, 0.8874948073783929, 1]], [[5, 0.662067339485164, 3], [5, 0.5763524546583146, 6], [6, 0.6982361508954893, 3], [6, 0.7578316468325254, 4], [4, 0.5000183678512697, 3]], [[5, 0.5986652371232773, 4], [6, 0.6876925809266686, 4], [8, 0.8799719474560175, 3], [7, 0.7888944627228682, 3], [6, 0.6932312796146335, 3]]]","popsize=25*round(np.log(ndims)*np.sqrt(ndims))\nparams=Params(ilshade.memory(popsize))\noptimizer=create_optimizer(lpsr(pmin=round(popsize*0.6)),update_strategy(Ignore,mutation.cma(),ensemble.either(crossover.all(),crossover.all(),params.adaptative(random.boolean(low=0.5,high=0.6,weighted=True,learning_rate=0.6))),reparation.middle_from_parent(),booster.imode(0.877, 0.7, 0.65)),Ignore,popsize,params)",0.0,179588.9417204857,0,300,30
F3,"[[[0, 0.4788186062130816, 0]], [[2, 0.5346924671438839, 1]], [[1, 0.642592816294115, 2]], [[0, 0.2736925420679305, 1]], [[0, 0.8819944386032852, 1]], [[1, 0.7983542833099221, 2]], [[1, 0.3652724830269448, 2]], [[6, 0.49676028708532927, 3], [3, 0.31756580996781636, 3]], [[1, 0.5332944160865789, 2]], [[3, 0.5199735981287867, 3], [2, 0.350265855634069, 3]], [[0, 0.3929447991276478, 2]], [[3, 0.7947512865111566, 4], [1, 0.47802938926776517, 4], [2, 0.6354903403265635, 4]], [[1, 0.5210631003395888, 3], [1, 0.5506719376942625, 3]], [[0, 0.3619958976426497, 3]], [[0, 0.28726985622194945, 4], [0, 0.0012103323547897338, 4], [0, 0.1439460666992045, 4], [0, 0.4981394298018823, 4]], [[0, 0.41985436102938356, 5], [1, 0.6763641382855977, 5], [1, 0.8992604435090638, 5]], [], [[2, 0.25410676093617135, 5], [7, 0.6470370915084442, 5], [10, 0.9625946406292496, 5]], [[1, 0.7506314954726278, 4], [1, 1.0, 4]], [[0, 0.3795587120820654, 5], [0, 0.3127469151944935, 5], [1, 1.0, 5], [0, 0.2743139772461396, 5], [0, 0.46868921805135844, 5], [1, 0.9623906661512681, 5]], [[0, 0.028551007788204186, 5], [0, 0.4276373864817321, 4], [0, 0.537365907741486, 5], [0, 0.6186744498273811, 3], [0, 0.6428644023025339, 3], [0, 0.30462480668627967, 4], [0, 0.13689863373428313, 3], [0, 0.6949522067682163, 3], [0, 0.6400465982726201, 4], [0, 0.8089381256593055, 4], [0, 0.3401310909105928, 3]], [[1, 0.813550184579741, 4], [1, 0.9688753174256637, 4]], [[0, 0.19228454456535482, 1]], [[5, 0.8393932838948198, 1]], [[0, 0.022958993939056427, 6], [6, 0.6937795955409679, 5], [0, 0.0, 6], [1, 0.24098022874385627, 3], [7, 0.8305241960155028, 4], [1, 0.21697657640176304, 3], [2, 0.26817075082804875, 5], [4, 0.46302622199907495, 6]], [[2, 0.29539325993474264, 2], [0, 0.0, 6], [2, 0.3148895248126633, 6], [6, 0.6236882092724717, 4], [0, 0.0, 4], [7, 0.749173986172504, 6], [6, 0.6173010593399219, 4], [9, 0.9657742221035942, 4], [0, 0.0, 4], [2, 0.3189682050703624, 3], [5, 0.5362979585159872, 3], [4, 0.4683190828910281, 3]]]","popsize=12*ndims\nparams=Params(lshade.memory(popsize))\noptimizer=create_optimizer(Ignore,update_strategy(Ignore,ensemble.either(mutation.current_to_rand_1(params.static(0.0), include_archive=False),mutation.rand_to_best_2(params.static(0.2), include_archive=False),params.adaptative(random.boolean(low=0.6,high=0.0,weighted=True,learning_rate=0.1))),ensemble.either(crossover.exponential(params.static(1)),crossover.binomial_with_cauchy_perturbation(params.static(0.7), scale=0.7, jump_rate=0.6),params.adaptative(random.boolean(low=0.9,high=0.0,weighted=True,learning_rate=0.1))),reparation.middle_from_parent(),booster.imode(0.252, 0.8, 0.42)),Ignore,popsize,params)",1.2473082359368897e-07,289503.8732252121,15,1350,30
F4,"[[[0, 0.03505151954882568, 0]], [[3, 0.7157566329541123, 1]], [[1, 0.9645391211711832, 2]], [[1, 0.3990286024015757, 1]], [[0, 0.28109451373798755, 1]], [[0, 0.0, 2]], [[0, 0.09476200966497561, 2]], [[11, 0.953598437746076, 3]], [[0, 0.2508189613599783, 2]], [[4, 0.7215699166401666, 3], [4, 0.7673410935039218, 3], [1, 0.2089025862056314, 3]], [[0, 0.44757492183177716, 2]], [[3, 0.7574257014961551, 4]], [[0, 0.24766693127533224, 3]], [[0, 0.05604011904541184, 3]], [[1, 1.0, 4]], [[0, 0.18463983843804843, 5], [1, 0.6953513689646298, 5], [1, 0.9600204025849579, 5]], [[3, 0.6153547076826203, 5]], [[4, 0.39449118451040366, 5], [5, 0.49743775424531766, 5], [2, 0.2650406480181693, 5]], [[1, 0.6526746164583295, 4]], [[1, 0.8622542789614445, 5], [0, 0.07159483880312967, 5], [0, 0.35417120760488485, 5]], [[0, 0.982464056233616, 2], [0, 0.2756411701450704, 5], [0, 0.838953678907232, 6], [0, 0.10944578598245669, 5], [0, 0.09904861908776774, 5], [0, 0.2887120715595466, 6], [0, 0.5513680626986535, 5], [0, 0.4324075308186027, 6], [0, 0.8413887574691907, 4], [0, 0.6581903734016783, 4]], [], [[0, 0.26358535452473464, 1]], [[6, 0.8709563333984611, 1]], [[6, 0.662067339485164, 3], [5, 0.5763524546583146, 6], [6, 0.6982361508954893, 7], [5, 0.5777772366361813, 7], [4, 0.5000183678512697, 4], [2, 0.2859096694125999, 3]], [[6, 0.6514651770836339, 6], [2, 0.2897015153391611, 3], [9, 0.9330197240351357, 3], [9, 0.9261322863942911, 3], [9, 0.9192259635549691, 3], [9, 0.9747689919570499, 3], [2, 0.24395694228694675, 3], [2, 0.2144540184310192, 2], [6, 0.659236805107094, 2]]]","popsize=25*round(np.log(ndims)*np.sqrt(ndims))\nparams=Params(ilshade.memory(popsize))\noptimizer=create_optimizer(lpsr(pmin=round(popsize*0.7)),update_strategy(Ignore,mutation.cma(),crossover.multiple_exponential(params.adaptative(param_strategy(0.6,jade.cauchy_get_strategy(0.7),jso.cauchy_repair_strategy(),lshade.cauchy_learning_strategy()))),reparation.middle_from_parent(),Ignore),Ignore,popsize,params)",2.767745363784494e-06,264679.23980522156,15,1350,30
F5,"[[[0, 0.03505151954882568, 0]], [[3, 0.67866881479555, 1]], [[1, 0.9645391211711832, 2]], [[1, 0.42807980262070255, 1]], [[0, 0.12167575775386386, 1]], [[1, 0.9302030972247248, 2]], [[1, 0.5989988867576299, 2]], [[11, 0.953598437746076, 3], [10, 0.8163219657889069, 3]], [[0, 0.0, 2]], [[0, 0.1332224474823791, 3], [0, 0.04660087365913644, 3]], [[0, 0.0824508725225499, 2]], [[2, 0.6203673720945193, 4]], [[1, 0.9818471119891056, 3], [1, 0.9915391714863921, 3]], [], [[1, 0.7112011808243099, 4]], [[1, 0.678418058194192, 5]], [[5, 0.9044206994720791, 5]], [[9, 0.8469303327828028, 5]], [[1, 0.5918226371895967, 4], [1, 0.5221646610202291, 4]], [[0, 0.1069948973164192, 5], [1, 0.6260587497152661, 5], [1, 0.620552709806753, 5], [1, 0.7983151119323675, 5]], [[0, 0.9324699641008015, 2], [0, 0.9989986407369625, 5], [0, 0.26336266862557245, 6], [0, 0.7137223908309298, 5], [0, 0.029097641361407023, 3], [0, 0.41184243929726416, 3]], [[0, 0.4539984656753141, 4]], [[0, 0.26358535452473464, 1]], [[6, 0.8874948073783929, 1]], [[6, 0.662067339485164, 3], [5, 0.5763524546583146, 6], [6, 0.6982361508954893, 7], [6, 0.7578316468325254, 6], [4, 0.5000183678512697, 3], [7, 0.852539147653107, 4], [1, 0.14557030575557672, 3], [3, 0.35149754231470187, 3]], [[8, 0.8625638849774476, 6], [8, 0.7762211258206222, 4], [8, 0.8799719474560175, 4], [8, 0.7888944627228682, 3], [7, 0.6932312796146335, 3], [3, 0.3142376851167862, 3], [8, 0.8540019881671307, 3], [4, 0.44412304485523, 3], [6, 0.6290211122289778, 3]]]","popsize=25*round(np.log(ndims)*np.sqrt(ndims))\nparams=Params(ilshade.memory(popsize))\noptimizer=create_optimizer(lpsr(pmin=round(popsize*0.7)),update_strategy(Ignore,ensemble.either(mutation.cma(),mutation.current_to_ord_pbest_1(params.adaptative(param_strategy(0.6,jade.normal_get_strategy(0.7),lshadespa.cauchy_repair_strategy(),nshade.cauchy_learning_strategy())),p=params.adaptative(linear.eval(low=0.8,high=1)), include_archive=True),params.adaptative(random.boolean(low=0.8,high=0.8,weighted=True,learning_rate=0.7))),crossover.all(),reparation.middle_from_parent(),booster.imode(0.875, 0.8, 0.32)),Ignore,popsize,params)",5.084229945850415e-14,419624.8040482998,15,1350,30
F6,"[[[0, 0.03505151954882568, 0]], [[3, 0.6672113953932586, 1]], [[1, 0.9645391211711832, 2]], [[1, 0.5952393574434038, 1]], [[0, 0.12167575775386386, 1]], [[1, 0.9302030972247248, 2]], [[0, 0.060358340637868456, 2]], [[11, 0.953598437746076, 3]], [[1, 0.4229384170260957, 2]], [[2, 0.5199735981287867, 3], [1, 0.350265855634069, 3]], [[0, 0.0824508725225499, 2]], [], [[1, 0.9818471119891056, 3]], [], [[1, 0.6354583470912718, 4], [0, 0.3914330465519884, 4]], [[1, 0.7610148959153925, 5], [1, 0.7351500202960324, 5]], [[2, 0.4729629882470371, 5], [2, 0.4036555686870148, 5]], [[5, 0.5288179061587375, 5], [7, 0.7135105429600623, 5]], [[1, 0.5498650221233448, 4]], [[0, 0.10515075725717016, 5]], [[0, 0.4993368752809413, 2], [0, 0.05109883365365597, 5], [0, 0.6295494698993229, 6], [0, 0.6402991083202707, 4], [0, 0.909272320799669, 5], [0, 0.2179371663673555, 3], [0, 0.3556665932143511, 5], [0, 0.7636713361167395, 3]], [[0, 0.08239441128012359, 4], [1, 0.8217617354966564, 4]], [[0, 0.26358535452473464, 1]], [[6, 0.8874948073783929, 1]], [[6, 0.662067339485164, 3], [5, 0.5763524546583146, 6], [6, 0.7260080916275609, 7], [6, 0.7578316468325254, 5], [4, 0.5000183678512697, 6], [0, 0.10244864509586737, 3], [7, 0.8162964075285167, 4], [3, 0.327093560981231, 3], [6, 0.7249565484707631, 4], [3, 0.3475713567667452, 3]], [[1, 0.15377354456568518, 4], [3, 0.291121342572517, 6], [6, 0.6767566779306309, 4], [6, 0.6490725899670556, 4], [8, 0.8794272706742979, 3], [9, 1.0, 3], [0, 0.006177126029393576, 3]]]","popsize=25*round(np.log(ndims)*np.sqrt(ndims))\nparams=Params(ilshade.memory(popsize))\noptimizer=create_optimizer(lpsr(pmin=round(popsize*0.7)),update_strategy(Ignore,mutation.cma(),ensemble.either(crossover.binomial_with_cauchy_perturbation(params.adaptative(param_strategy(0.6,jade.normal_get_strategy(0.7),ilshade.normal_repair_strategy(),lshade.normal_learning_strategy())), scale=0.7, jump_rate=0.1),crossover.binomial(params.static(0.3)),params.adaptative(random.boolean(low=0.6,high=0.6,weighted=True,learning_rate=0.5))),reparation.middle_from_parent(),booster.imode(0.891, 0.8, 0.04)),Ignore,popsize,params)",42.2248300481266,353166.1823477745,15,1350,30
F7,"[[[0, 0.8252203474941416, 0]], [[1, 0.3404365785825667, 1]], [[1, 0.8759017932917553, 2]], [[2, 0.7168184552052067, 1]], [[0, 0.10384585373782818, 1]], [[0, 0.1456518403576741, 2]], [[1, 0.5989988867576299, 2]], [[11, 0.953598437746076, 3], [3, 0.33033085405527085, 3]], [[1, 0.4229384170260957, 2]], [[2, 0.48220379597475704, 3], [2, 0.43030420444140216, 3]], [[1, 0.9814736362977634, 2]], [], [[0, 0.01177386797270441, 3], [1, 0.5731149583337337, 3]], [[0, 0.11928643499689784, 3]], [[0, 0.0, 4], [1, 0.5509997388676952, 4], [1, 0.6906409571004444, 4], [1, 1.0, 4]], [[1, 0.8428369427580985, 5], [0, 0.37162727927807804, 5], [0, 0.37906913162736866, 5]], [[2, 0.4729629882470371, 5], [2, 0.4036555686870148, 5], [2, 0.3589407856377913, 5]], [[10, 1.0, 5], [0, 0.07961908107754112, 5], [4, 0.4330812022257351, 5], [1, 0.09828028056227489, 5]], [[1, 0.6526746164583295, 4], [0, 0.37177317557902645, 4]], [[1, 0.7756526464134575, 5]], [[0, 0.9356227983667657, 5], [0, 0.22599732773517678, 5], [0, 0.3136991834335272, 6], [0, 0.6190760311975542, 4], [0, 0.2985487986343881, 5], [0, 0.3702182752864198, 6], [0, 0.8852311085289176, 4], [0, 0.4958780951864782, 6], [0, 0.5871094971254969, 4], [0, 0.9508408868751556, 4], [0, 0.670951742035708, 5]], [[0, 0.34043183060791526, 4], [1, 0.6845327442189235, 2]], [[1, 0.991618157692058, 1]], [[6, 0.8874948073783929, 1]], [[8, 1.0, 6], [4, 0.5283714833309787, 6], [1, 0.17339150625934951, 7], [4, 0.46449179934541374, 5], [4, 0.538059633295124, 6], [1, 0.18945384083432948, 7], [0, 0.04493977971831864, 5], [3, 0.43653187723097564, 7], [4, 0.5499764847427644, 5], [6, 0.7236219291502095, 5], [6, 0.6660154214382512, 5], [3, 0.40266757457910707, 6]], [[0, 0.046609365647501955, 4], [3, 0.3434154650685508, 4], [3, 0.368762996475964, 4], [1, 0.17380930457009547, 6], [0, 0.0491714052325537, 4], [2, 0.24796902663143744, 4], [4, 0.46280841373257375, 4], [7, 0.7154558999475429, 2], [9, 0.9865639070282523, 2]]]","popsize=25*round(np.log(ndims)*np.sqrt(ndims))\nparams=Params(shade.memory(popsize))\noptimizer=create_optimizer(lpsr(pmin=4),update_strategy(Ignore,ensemble.either(mutation.cma(),mutation.rand_to_best_2(params.static(1), include_archive=True),params.adaptative(random.boolean(low=0.0,high=0.3,weighted=False,learning_rate=0.9))),ensemble.either(crossover.binomial_with_cauchy_perturbation(params.adaptative(param_strategy(0.5,jade.normal_get_strategy(0.2),ilshade.normal_repair_strategy(),nshade.normal_learning_strategy())), scale=0.5, jump_rate=0.3),crossover.binomial_with_cauchy_perturbation(params.adaptative(param_strategy(0.5,jade.cauchy_get_strategy(0.2),ilshade.normal_repair_strategy(),jade.cauchy_learning_strategy(0.1))), scale=0.1, jump_rate=0.0),params.adaptative(random.boolean(low=0.2,high=0.4,weighted=True,learning_rate=Ignore))),reparation.clip(),Ignore),archive(round(popsize*7.9), allow_resizing=False),popsize,params)",18.2537824788971,262236.1889204979,15,1350,30
F8,"[[[0, 0.004534533850032663, 0]], [[3, 0.6489886017834483, 1]], [[1, 0.872111238748548, 2]], [[1, 0.5193456030892398, 1]], [[0, 0.16337596044721603, 1]], [[1, 0.5433000017682398, 2]], [[0, 0.16977883040079556, 2]], [[11, 0.9786972452239849, 3]], [[1, 0.6135090894556889, 2]], [[0, 0.10104103332285852, 3], [3, 0.6089431925424506, 3]], [[0, 0.09311639722377896, 2]], [], [[0, 0.11931338695612359, 3]], [], [[0, 0.17007882988425937, 4]], [], [], [], [[0, 0.4871943880480618, 4]], [[0, 0.4309107055513798, 5]], [[0, 0.06085371879805801, 2], [0, 0.4834732391785185, 3]], [], [[0, 0.417826899149772, 1]], [[6, 0.8970525941456851, 1]], [[3, 0.4306269491488318, 3], [5, 0.5843537179444921, 3], [3, 0.3483088881354768, 4], [1, 0.13027461651835726, 3]], [[8, 0.8063747448247004, 6], [0, 0.04573962734274373, 4], [6, 0.6643659251856313, 4], [1, 0.13917524969802764, 3], [3, 0.3157174979399915, 3], [0, 0.06974440444143715, 3]]]","popsize=25*round(np.log(ndims)*np.sqrt(ndims))\nparams=Params(ilshade.memory(popsize))\noptimizer=create_optimizer(lpsr(pmin=round(popsize*0.4)),update_strategy(Ignore,mutation.cma(),ensemble.either(crossover.all(),crossover.exponential(params.static(0.8)),params.adaptative(random.boolean(low=0.0,high=0.6,weighted=False,learning_rate=Ignore))),reparation.middle_from_parent(),booster.imode(0.136, 0.4, 0.02)),Ignore,popsize,params)",0.0,45981.499992609024,0,300,30
F9,"[[[0, 0.3958425982582827, 0]], [[3, 0.7808138272512847, 1]], [[1, 1.0, 2]], [[2, 0.7489090988184758, 1]], [[0, 0.6899710109769462, 1]], [[1, 0.8541469156143281, 2]], [[2, 0.941528420486469, 2]], [[8, 0.7153195859004307, 3], [4, 0.3270825618141715, 3], [4, 0.3951785162443401, 3]], [[0, 0.104172690726834, 2]], [[3, 0.5261380193655882, 3], [0, 0.09218257388289175, 3], [2, 0.40136218264915136, 3]], [[0, 0.3007646702338116, 2]], [[0, 0.07190167297060501, 4], [2, 0.5548180854295591, 4]], [[0, 0.21807629203793732, 3]], [[0, 0.4932512246703681, 3]], [[0, 0.0, 4], [1, 0.8460145093202242, 4], [0, 0.2275977030739994, 4], [0, 0.22063268650304846, 4], [0, 0.13178797052788194, 4], [0, 0.09276453961368458, 4]], [[0, 0.033462154357777996, 5]], [[4, 0.705158004310517, 5]], [[10, 0.9480720469916254, 5], [4, 0.40196031048934067, 5], [6, 0.5816292087662119, 5], [6, 0.6338341308567015, 5]], [[1, 0.7869275885106212, 4]], [[1, 0.7108447129861367, 5], [1, 0.7064029396537578, 5], [1, 0.6301212372740844, 5], [1, 0.5064052352292572, 5], [0, 0.0867409259191559, 5]], [[0, 0.8674663632213978, 5], [0, 0.9933945916214365, 5], [0, 0.5573697863784357, 6], [0, 0.674306393830544, 4], [0, 0.36226320349494967, 4], [0, 0.359021167760334, 3], [0, 0.5761823618009406, 4], [0, 0.45912060996904214, 4], [0, 0.8808488649827487, 5], [0, 0.24874754239661523, 6], [0, 0.7005854144781497, 5], [0, 0.6733887074393388, 3]], [[1, 0.5342551936563759, 4], [0, 0.2623476687368579, 4], [1, 1.0, 4], [0, 0.18438522843446636, 4], [0, 0.3254779892064683, 2]], [[1, 0.6697103237864942, 1]], [[4, 0.6956512807533917, 1]], [[2, 0.3037940148254329, 2], [0, 0.005980333365477319, 6], [8, 0.951233751942772, 6], [1, 0.16920556834425227, 7], [2, 0.3023747669773377, 5], [7, 0.8282846843693129, 5], [0, 0.0, 3], [4, 0.4417970056573115, 4], [4, 0.44396898483012937, 3], [4, 0.464629413663569, 3]], [[9, 0.9412731723208727, 3], [6, 0.620578455620029, 3], [5, 0.5437460224411755, 3], [7, 0.7218287191136141, 2], [7, 0.6999594450673587, 2], [6, 0.6333122808449737, 2], [9, 0.9495904739373036, 2], [1, 0.1342138946830248, 3], [7, 0.7243043393642882, 3], [1, 0.1648127332914714, 2], [0, 0.08084439392445131, 2]]]","popsize=3*ndims\nparams=Params(ilshade.memory(popsize))\noptimizer=create_optimizer(lpsr(pmin=4),update_strategy(Ignore,ensemble.choice([mutation.current_to_pbestw_1(params.static(1),p=0.1, include_archive=False),mutation.best_1(params.adaptative(param_strategy(0.9,jade.cauchy_get_strategy(0.2),jso.normal_repair_strategy(),nshade.normal_learning_strategy())), include_archive=True),mutation.best_1(params.static(1), include_archive=False)],params.adaptative(random.range(3,pmin=0.3,pmax=0.8,learnable=True))),crossover.exponential(params.static(1)),reparation.middle_from_parent(),booster.imode(0.961, 0.5, 0.55)),archive(round(popsize*7.7), allow_resizing=True),popsize,params)",2308.307650328875,335088.0564773083,15,1350,30
F10,"[[[0, 0.0604959670742945, 0]], [[3, 0.6723223649559094, 1]], [[0, 0.0584296275948013, 2]], [[1, 0.4571546203316851, 1]], [[0, 0.5673332265091094, 1]], [[1, 1.0, 2]], [[0, 0.06017209858764039, 2]], [[11, 0.944472919965066, 3], [8, 0.6606224739703965, 3], [0, 0.027811925848267527, 3]], [[2, 1.0, 2]], [[3, 0.5261380193655882, 3], [0, 0.09218257388289175, 3], [0, 0.0, 3]], [[1, 0.9577995631978475, 2]], [[2, 0.6257419329313457, 4]], [], [[0, 0.11091986823981437, 3], [0, 0.2850547509075062, 3]], [[0, 0.017472066323710234, 4], [1, 0.9410973298677335, 4], [1, 0.577815196354541, 4], [0, 0.02343203991459064, 4], [1, 0.7857250311334767, 4]], [[0, 0.30000526615157985, 5], [1, 0.830042976623266, 5], [1, 0.72148765937601, 5]], [[3, 0.6108178042103511, 5], [0, 0.08662436966204201, 5], [4, 0.7855643834581325, 5]], [[9, 0.8331956960297292, 5], [10, 0.9123067695290734, 5], [8, 0.7919721933620287, 5]], [[1, 0.7298411547545116, 4]], [[1, 0.5089751068460351, 5], [1, 0.7472552474868159, 5], [0, 0.4195631667051384, 5], [0, 0.23282925439761593, 5]], [[0, 0.8599962487773881, 2], [0, 0.9673839919510601, 4], [0, 0.927941962821038, 4], [0, 0.5182913083462128, 3], [0, 0.47152549092103857, 4], [0, 0.5017171591401534, 4], [0, 0.056280905547076765, 3], [0, 0.6994942910311103, 4], [0, 0.40182044920584925, 3]], [[0, 0.14224015612747598, 4], [1, 0.937210858561896, 2], [0, 0.1693812237279242, 4], [1, 0.7269302151687436, 4], [1, 0.6882736006262757, 2]], [[0, 0.0, 1]], [[6, 0.9789734466644158, 1]], [[8, 1.0, 3], [6, 0.7670888974307265, 3], [5, 0.5772195397950236, 5], [8, 0.9508188163534964, 5], [6, 0.6781310173801883, 3], [8, 1.0, 4], [5, 0.6343005966269707, 3], [8, 0.9376760272335365, 3], [1, 0.1721412108217144, 4], [6, 0.6729584374296592, 3], [1, 0.16930502810168546, 4], [3, 0.3548829086288665, 3]], [[1, 0.1459116595656474, 3], [1, 0.15937530178406745, 3], [5, 0.5066781119459324, 3], [0, 0.02456139525713974, 3], [8, 0.8433501240736423, 3], [4, 0.48694018497867375, 3], [5, 0.5990356777659256, 3]]]","popsize=25*round(np.log(ndims)*np.sqrt(ndims))\nparams=Params(ilshade.memory(9))\noptimizer=create_optimizer(lpsr(pmin=round(popsize*0.7)),update_strategy(Ignore,mutation.cma(),ensemble.choice([crossover.exponential(params.static(1)),crossover.all(),crossover.all()],params.adaptative(random.range(3,pmin=0.6,pmax=0.9,learnable=True))),reparation.clip(),booster.imode(0.117, 0.9, 0.56)),Ignore,popsize,params)",1.4759019842354835,361410.6109507084,15,1350,30
F11,"[[[0, 0.45028272695879423, 0]], [[3, 0.6589776781908386, 1]], [[1, 0.47759320101781955, 2]], [[2, 0.8683674388779686, 1]], [[0, 0.17133501897146164, 1]], [[1, 0.9619115817405105, 2]], [[1, 0.6601860724193713, 2]], [[11, 0.9206702729588216, 3], [7, 0.6411299255409921, 3]], [[2, 0.6854673501647046, 2]], [[4, 0.729755645793917, 3], [3, 0.5709680093040023, 3], [5, 0.899541755170016, 3]], [[0, 0.15637007597808972, 2]], [[1, 0.3001637266141225, 4]], [[1, 0.49578404071287585, 3]], [[0, 0.7502900743602258, 3], [0, 0.050238614735317655, 3]], [[0, 0.0020232302587229745, 4], [1, 0.6725179255400743, 4], [1, 0.8018753987136766, 4], [1, 0.713673159347416, 4]], [[0, 0.2595013425664584, 5], [0, 0.1737122873544673, 5], [1, 0.7763415003523942, 5]], [[5, 0.8741869713844571, 5], [0, 0.11795654859812543, 5], [3, 0.6270836979726624, 5]], [[3, 0.31960297446508246, 5], [0, 0.0, 5], [2, 0.26112680932607746, 5]], [[0, 0.0, 4], [0, 0.10044764768428893, 4]], [[1, 0.5085718776717831, 5], [0, 0.023850989684071733, 5]], [[0, 0.6096849669330728, 5], [0, 0.23403858576263303, 6], [0, 0.9306261535628709, 5], [0, 0.9597073848521467, 6], [0, 0.8167360183146091, 5], [0, 0.21643465929367967, 6], [0, 0.29399820470088744, 4], [0, 0.5739825028575282, 4], [0, 0.7544250058419509, 3]], [[1, 0.6493353220842012, 4], [0, 0.0019000236342848753, 4], [1, 0.8140804244610579, 2]], [[1, 0.7715061287701647, 1]], [[1, 0.15033185190897333, 1]], [[3, 0.3822426712677876, 6], [0, 0.01478741157102137, 7], [7, 0.7831011123821998, 6], [4, 0.48826416469324885, 7], [6, 0.6862194511641591, 6], [2, 0.2862214983743778, 7], [8, 0.9919834021559892, 5], [4, 0.4667163246483783, 5], [3, 0.416919617700954, 3], [7, 0.8807368063010803, 4], [3, 0.35923161690637595, 3]], [[7, 0.7834757490408939, 4], [2, 0.20713930182527607, 4], [8, 0.8304347568276236, 6], [0, 0.06135660324636516, 3], [7, 0.7687310605029507, 3], [3, 0.30293197946001194, 3], [3, 0.39961363861498267, 2], [2, 0.2581965716111798, 2], [4, 0.4601414714284695, 3]]]","popsize=100\nparams=Params(ilshade.memory(popsize))\noptimizer=create_optimizer(lpsr(pmin=4),update_strategy(Ignore,ensemble.either(mutation.cma(),mutation.current_to_pbest_1(params.static(1),p=2/popsize, include_archive=False),params.adaptative(random.boolean(low=0.7,high=0.2,weighted=True,learning_rate=Ignore))),ensemble.choice([crossover.multiple_exponential(params.adaptative(param_strategy(0.4,jade.cauchy_get_strategy(0.1),lshadespa.cauchy_repair_strategy(),shade.normal_learning_strategy()))),crossover.exponential(params.adaptative(param_strategy(0.8,jade.cauchy_get_strategy(0.5),Ignore,jade.cauchy_learning_strategy(0.8)))),crossover.shuffled_exponential(params.adaptative(param_strategy(0.7,jade.normal_get_strategy(0.3),jso.cauchy_repair_strategy(),shade.cauchy_learning_strategy())))],params.adaptative(random.range(3,pmin=0.9,pmax=0.5,learnable=True))),reparation.middle_from_parent(),booster.imode(0.074, 0.8, 0.34)),archive(round(popsize*3.2), allow_resizing=False),popsize,params)",401.39448845419076,130511.91542196274,15,1350,30
F12,"[[[0, 0.6840093006988582, 0]], [[4, 0.8661692510378195, 1]], [[0, 0.14537877882536598, 2]], [[1, 0.3923776075816626, 1]], [[0, 0.5958906503361073, 1]], [[1, 0.6964632440772655, 2]], [[2, 0.7100566170543666, 2]], [[11, 1.0, 3], [10, 0.8459477049805683, 3], [6, 0.5183593344211986, 3]], [[1, 0.4080598702383821, 2]], [[0, 0.0, 3], [3, 0.6400404490979089, 3], [4, 0.6719970415003569, 3]], [[1, 0.6660795759113446, 2]], [[0, 0.08153853249857135, 4], [2, 0.7354799667913576, 4], [3, 0.8341182181038904, 4]], [[1, 0.9472998720086809, 3]], [[0, 0.8427199568065941, 3], [0, 0.46668988176681414, 3]], [[1, 0.6690160546096118, 4], [1, 1.0, 4], [0, 0.24149094202185628, 4], [1, 0.8449278460482497, 4], [0, 0.045932062168515086, 4]], [[1, 0.8991927062380431, 5], [0, 0.49541445347907387, 5], [0, 0.33451643705216716, 5]], [[2, 0.3685377765136024, 5], [5, 1.0, 5], [5, 0.8437334399674202, 5]], [[0, 0.0, 5], [6, 0.6154678907079305, 5], [4, 0.38290700114027865, 5]], [[1, 0.5780401857477498, 4]], [[1, 0.6943082389923207, 5], [1, 0.8572534236922312, 5], [1, 0.9948693088298024, 5], [0, 0.4762473442356199, 5], [0, 0.03573907516574826, 5], [0, 0.28645116458053976, 5]], [[0, 0.6709612087395396, 2], [0, 0.13298683196176264, 5], [0, 0.40424675209756034, 6], [0, 0.3948279473206613, 5], [0, 0.22050166178653563, 5], [0, 0.9946986559951735, 6], [0, 0.5925504990818419, 4], [0, 0.5624136025118414, 4], [0, 0.310586862404282, 5], [0, 0.40044339421140906, 3], [0, 0.8649724209318354, 3], [0, 0.22102620661393313, 4], [0, 0.27559715169608956, 3]], [[1, 0.7353382815335672, 4], [0, 0.16592105574941862, 4], [1, 0.5975772804976552, 4], [1, 0.844392008912223, 4], [1, 0.7114306948679945, 4]], [[0, 0.39002678488135534, 1]], [[5, 0.7943238326237128, 1]], [[8, 0.9738167534745662, 3], [4, 0.5417822913172018, 6], [5, 0.6574739860248275, 7], [6, 0.6729223750750003, 6], [8, 0.9524960408167172, 6], [6, 0.7508788664575067, 7], [3, 0.38739254190137296, 5], [2, 0.2687779901359678, 5], [1, 0.11318207814422032, 6], [4, 0.4902789236711991, 3], [6, 0.7139634514754597, 4], [0, 0.04938434666672445, 3], [8, 1.0, 3], [6, 0.7283423256769574, 3], [3, 0.40648599785092365, 4], [5, 0.5780241970220323, 3]], [[7, 0.7356102686643251, 2], [2, 0.21681350037574743, 6], [6, 0.6348454289558768, 4], [4, 0.46600516877622966, 4], [5, 0.500775444166552, 3], [8, 0.8652363133195655, 3], [9, 0.9817711247720954, 3], [6, 0.611078665363773, 3], [6, 0.6855555728535214, 3], [7, 0.7402138282297042, 3], [9, 0.9471282331472399, 2], [4, 0.4062691516201613, 2]]]","popsize=17*ndims\nparams=Params(nshade.memory())\noptimizer=create_optimizer(lpsr(pmin=round(popsize*0.9)),update_strategy(Ignore,ensemble.choice([mutation.cma(),mutation.current_to_ord_pbest_1(params.adaptative(param_strategy(0.5,jade.normal_get_strategy(0.6),ilshade.normal_repair_strategy(),jade.cauchy_learning_strategy(0.2))),p=0.7, include_archive=False),mutation.current_to_rand_1(params.adaptative(param_strategy(0.9,jade.cauchy_get_strategy(0.7),lshadespa.cauchy_repair_strategy(),ilshade.cauchy_learning_strategy())), include_archive=True)],params.adaptative(random.range(3,pmin=0.4,pmax=0.3,learnable=False))),ensemble.either(crossover.all(),crossover.exponential(params.static(1)),params.adaptative(random.boolean(low=0.6,high=0.4,weighted=True,learning_rate=0.2))),reparation.clip(),booster.imode(0.585, 0.7, 0.91)),Ignore,popsize,params)",28.676436033929907,405945.80562233925,15,1350,30
F13,"[[[0, 0.9463280347997579, 0]], [[4, 0.9777962615972424, 1]], [[1, 0.6633040149878832, 2]], [[1, 0.5725301528359374, 1]], [[0, 0.8171851022830976, 1]], [[1, 1.0, 2]], [[2, 1.0, 2]], [[11, 0.969587610480931, 3], [4, 0.34694208211696453, 3], [6, 0.5346192541818151, 3]], [[2, 0.918472575692332, 2]], [[5, 0.9934648457862305, 3], [2, 0.43530144985747743, 3], [0, 0.0, 3]], [[1, 0.6999281282553494, 2]], [], [[1, 0.5527963392497315, 3]], [[0, 0.3483606929871361, 3], [0, 0.5389949641700469, 3]], [[0, 0.4746788866788758, 4], [0, 0.21786114821991887, 4], [1, 0.9821704521605983, 4], [0, 0.19795608345299656, 4], [0, 0.021080105493493706, 4], [0, 0.029141667738578958, 4]], [[1, 0.7652687102345456, 5]], [[5, 0.9450023885535317, 5], [3, 0.4940349942085065, 5]], [[0, 0.0, 5]], [[1, 0.8306000998617505, 4], [0, 0.43325535128294146, 4]], [[1, 0.9646958212671991, 5], [0, 0.084237137370062, 5], [1, 0.9097974071477068, 5], [1, 0.6643886626551461, 5], [0, 0.3064409356505453, 5]], [[0, 0.17139040692773688, 2], [0, 0.639908867885052, 4], [0, 0.32644991769112075, 4], [0, 0.059248295233284565, 5], [0, 0.5648406437120935, 6], [0, 0.11594797230797249, 4], [0, 0.22242709727143517, 4], [0, 0.8036967941171567, 4], [0, 0.5925691244465788, 3]], [[0, 0.16515880709440617, 4], [0, 0.1980097695711353, 4], [0, 0.05014287168830056, 4], [1, 0.6842852561611856, 4], [1, 0.5510838998011987, 4]], [[0, 0.5502342374063194, 1]], [[6, 0.9661275468748795, 1]], [[1, 0.1953931058483951, 3], [4, 0.47967161166737393, 5], [8, 0.9550282947066953, 5], [2, 0.2607922930627832, 6], [7, 0.8177871292039948, 7], [6, 0.757745820865544, 5], [3, 0.3549049202559219, 5], [2, 0.27580277184406166, 5], [5, 0.5992519554162066, 3], [0, 0.09167526761098177, 4], [8, 0.9538089511537771, 3]], [[5, 0.5479135835523204, 6], [0, 0.051933200020165105, 6], [6, 0.6195227935346383, 4], [5, 0.5165558123478234, 3], [3, 0.34003708050419645, 3], [7, 0.7467263841233217, 3]]]","popsize=25*round(np.log(ndims)*np.sqrt(ndims))\nparams=Params(nshade.memory())\noptimizer=create_optimizer(lpsr(pmin=round(popsize*0.2)),update_strategy(Ignore,ensemble.choice([mutation.cma(),mutation.best_1(params.static(1), include_archive=True),mutation.current_to_rand_1(params.static(0.5), include_archive=True)],params.adaptative(random.range(3,pmin=0.5,pmax=0.9,learnable=True))),ensemble.choice([crossover.shuffled_exponential(params.adaptative(param_strategy(0.3,jade.normal_get_strategy(0.8),lshadespa.cauchy_repair_strategy(),jade.cauchy_learning_strategy(0.0)))),crossover.binomial_with_cauchy_perturbation(params.static(1), scale=0.7, jump_rate=0.6),crossover.all()],params.adaptative(random.range(3,pmin=0.4,pmax=0.3,learnable=False))),reparation.clip(),booster.imode(0.536, 0.1, 0.79)),Ignore,popsize,params)",25.260180781203047,338405.3282301426,15,1350,30
F14,"[[[0, 0.24434885382390403, 0]], [[4, 0.9188350650182969, 1]], [], [[1, 0.4240543041702902, 1]], [[0, 0.8360090867972327, 1]], [[1, 0.8333842746183343, 2]], [[1, 0.4570590108142564, 2]], [[11, 1.0, 3], [11, 0.9081990690057471, 3]], [[2, 1.0, 2]], [[0, 0.04328358561974743, 3], [3, 0.5846502045403198, 3], [0, 0.08323015187061988, 3]], [[1, 0.7615598373874122, 2]], [[0, 0.23974740146253637, 4]], [[0, 0.14852765695255477, 3]], [[0, 0.5343596658955212, 3]], [[0, 0.47249932954488516, 4], [0, 0.13886678243693718, 4], [0, 0.2183230862647466, 4]], [[1, 0.9212636274602567, 5]], [], [[9, 0.8473468485804584, 5], [5, 0.5453019920886727, 5]], [[0, 0.29763012387405463, 4]], [[1, 1.0, 5], [0, 0.33083967393081504, 5]], [[0, 0.005187613128940338, 2], [0, 0.8735452591856879, 4], [0, 0.8116066751851754, 4], [0, 0.7610280305835384, 3], [0, 0.5796910259955468, 3]], [[1, 0.853292103983141, 4], [0, 0.2013955608569038, 2], [0, 0.4682408499012062, 2]], [[1, 0.9396198641479202, 1]], [[5, 0.7173615760873855, 1]], [[6, 0.6790768839433972, 3], [6, 0.6818139221009965, 5], [4, 0.5418240333365903, 5], [4, 0.4459092744718768, 3], [4, 0.4386785925954767, 4], [2, 0.22960084530055236, 3], [6, 0.7619001990214352, 3]], [[7, 0.7492496984888847, 2], [9, 0.9795310698953059, 4], [9, 0.9143699589971537, 4], [2, 0.28236068374075907, 3], [5, 0.5798287095641699, 3], [4, 0.41629231005065415, 3], [5, 0.5832700883383476, 2], [1, 0.16633710310610084, 2], [0, 0.0, 2]]]","popsize=17*ndims\nparams=Params(nshade.memory())\noptimizer=create_optimizer(lpsr(pmin=round(popsize*0.7)),update_strategy(Ignore,ensemble.either(mutation.cma(),mutation.cma(),params.adaptative(random.boolean(low=0.9,high=0.9,weighted=False,learning_rate=Ignore))),ensemble.choice([crossover.all(),crossover.exponential(params.static(1)),crossover.all()],params.adaptative(random.range(3,pmin=0.7,pmax=0.5,learnable=False))),reparation.clip(),booster.imode(0.255, 0.5, 0.43)),archive(round(popsize*5.1), allow_resizing=True),popsize,params)",11.309044407089555,535926.1433951855,15,1350,30
F15,"[[[0, 0.27923184877970086, 0]], [[4, 0.9875622205409721, 1]], [[0, 0.1070886246278333, 2]], [[0, 0.2733413810679672, 1]], [[0, 0.932315588477155, 1]], [[1, 0.5852849960035812, 2]], [[1, 0.5089360453371298, 2]], [[6, 0.5683517919205034, 3], [8, 0.6951427160613602, 3]], [[0, 0.29232455361578635, 2]], [[4, 0.6971972437135223, 3], [4, 0.7885997451360235, 3], [0, 0.1251160813716251, 3]], [[0, 0.4156026356986049, 2]], [[3, 0.9406647970073951, 4]], [[1, 0.9816814250554861, 3]], [], [[0, 0.34106455511977496, 4], [1, 1.0, 4], [0, 0.31236837576278953, 4], [0, 0.11529915002994906, 4]], [[0, 0.2595013425664584, 5], [1, 0.7173219960594935, 5]], [[5, 1.0, 5], [5, 0.8328613453087186, 5]], [[4, 0.3888794051018949, 5], [2, 0.18993596131285218, 5]], [[0, 0.3952802085099717, 4]], [[0, 0.480155621035274, 5], [1, 0.7711205152206595, 5], [1, 0.990410815723309, 5], [0, 0.4738129109767101, 5]], [[0, 0.23755778700579666, 5], [0, 0.9056865787472007, 6], [0, 0.6243988722820385, 3], [0, 0.8309792915662982, 3], [0, 0.7777125599090001, 4], [0, 0.796757751979052, 3]], [[0, 0.1919756500616404, 4], [1, 0.9768982860915105, 4], [0, 0.43721657108664325, 2], [0, 0.08044221641410176, 2]], [[0, 0.34117987595131594, 1]], [[2, 0.3776571645477297, 1]], [[2, 0.2072431496540511, 6], [0, 0.0, 7], [8, 1.0, 3], [2, 0.27600778508829915, 4], [4, 0.5276044745057746, 3], [4, 0.45208217224210456, 3], [7, 0.8691645283333338, 4], [4, 0.5028534927767206, 3], [7, 0.838049244088336, 3], [5, 0.5828634699679272, 3]], [[8, 0.8023473762127898, 6], [5, 0.5466650714190283, 4], [2, 0.25577388163157644, 4], [7, 0.7911560300792815, 6], [0, 0.061219722276040334, 3], [6, 0.6071641684708022, 3], [8, 0.8372087580378745, 3], [4, 0.4857611635076611, 2], [8, 0.8474260755504182, 2], [0, 0.04307182912253815, 2]]]","popsize=150\nparams=Params(nshade.memory())\noptimizer=create_optimizer(Ignore,update_strategy(Ignore,ensemble.either(mutation.current_to_rand_1(params.static(0.8), include_archive=True),mutation.current_to_pbestw_1(params.adaptative(param_strategy(0.3,jade.cauchy_get_strategy(0.1),lshadespa.cauchy_repair_strategy(),lshade.cauchy_learning_strategy())),p=params.adaptative(random.uniform(low=1,high=1)), include_archive=False),params.adaptative(random.boolean(low=0.5,high=0.2,weighted=True,learning_rate=Ignore))),crossover.multiple_exponential(params.static(0.7)),reparation.middle_from_parent(),booster.imode(0.069, 0.3, 0.85)),Ignore,popsize,params)",8.571141259893682,429492.2880408764,15,1350,30
F16,"[[[0, 0.6932632585839527, 0]], [[2, 0.5479506907851498, 1]], [[1, 0.8667627765459108, 2]], [[1, 0.6086911241728599, 1]], [[0, 0.4298270666231051, 1]], [[0, 0.2096631372834028, 2]], [[0, 0.0, 2]], [[11, 0.9408636796642639, 3], [6, 0.5050251922978398, 3]], [[1, 0.36947109250186383, 2]], [[0, 0.13486909017769488, 3], [5, 0.9183249375377294, 3]], [[1, 0.7958317113413809, 2]], [], [[1, 0.8483451450236755, 3], [1, 0.6525743175595567, 3]], [], [[0, 0.3224185915316513, 4], [0, 0.0726300179057855, 4]], [], [[3, 0.5990058778640897, 5], [4, 0.80835682944111, 5], [1, 0.20143517676928446, 5]], [[9, 0.8279648759337328, 5], [1, 0.141273717062517, 5]], [[1, 0.9685857065747453, 4], [1, 0.705908840486227, 4]], [[0, 0.4526654901069015, 5], [0, 0.2624906853063076, 5]], [[0, 0.47606593050999946, 2], [0, 0.7965370817371247, 5], [0, 0.07528294781923928, 5]], [[0, 0.0, 2], [1, 1.0, 2], [1, 0.8166153641438026, 2]], [[1, 0.8744614837137282, 1]], [[5, 0.7430078664634352, 1]], [[4, 0.5205320590774709, 3], [3, 0.3761281589409714, 6], [1, 0.19779328643159588, 6], [1, 0.18664528226882393, 6], [8, 0.9493791195181951, 7], [5, 0.5903081581196712, 6], [1, 0.15818655394053915, 7], [5, 0.6056352298397962, 5], [5, 0.5624858211514849, 5], [3, 0.3631204999415627, 3], [0, 0.05275811946085884, 4], [7, 0.8382846132540519, 3], [4, 0.46052345171218545, 3], [7, 0.8302193686375768, 4], [4, 0.4692270603660065, 3]], [[8, 0.8939959857874414, 2], [0, 0.07810258298078587, 6], [7, 0.7013618183972804, 4], [9, 0.9593593347706143, 4], [2, 0.27117154963550516, 2], [6, 0.6603880696567346, 2], [8, 0.8652458920994185, 4], [5, 0.5345496319388233, 2], [6, 0.6351593044361706, 2]]]","popsize=18*ndims\nparams=Params(lshade.memory(popsize))\noptimizer=create_optimizer(lpsr(pmin=round(popsize*0.5)),update_strategy(Ignore,mutation.cma(),ensemble.either(crossover.all(),crossover.shuffled_exponential(params.static(0.0)),params.adaptative(random.boolean(low=0.7,high=0.9,weighted=True,learning_rate=0.4))),reparation.clip(),Ignore),archive(round(popsize*2.6), allow_resizing=True),popsize,params)",22.623309488917105,794074.828464508,15,1350,30
F17,"[[[0, 0.22460906191493002, 0]], [[3, 0.7471633199999048, 1]], [[1, 1.0, 2]], [[1, 0.6086911241728599, 1]], [[0, 0.03492506427802333, 1]], [[0, 0.2096631372834028, 2]], [[1, 0.3848118263118331, 2]], [[11, 0.9408636796642639, 3], [6, 0.5050251922978398, 3]], [[0, 0.0, 2]], [[0, 0.13486909017769488, 3], [5, 0.9183249375377294, 3]], [[1, 0.5862966073487405, 2]], [], [[1, 0.8483451450236755, 3], [1, 0.6525743175595567, 3]], [[0, 0.2686050680804123, 3]], [[1, 0.8616090708806967, 4], [1, 0.812793902721757, 4], [1, 0.8513921221114746, 4]], [[1, 0.8664786502508409, 5]], [[0, 0.08136796528766987, 5], [0, 0.10844432669303683, 5]], [[8, 0.7804468226514297, 5], [6, 0.6120692578442448, 5]], [[1, 0.8826718747951978, 4], [0, 0.07318919040283811, 4]], [[0, 0.31987558597712806, 5], [1, 0.7321932704972285, 5], [0, 0.33494311571014224, 5], [0, 0.298418660430926, 5], [1, 0.9001353840647027, 5], [1, 0.9561528106052208, 5]], [[0, 0.9804963725261787, 2], [0, 0.6473514030413617, 5], [0, 0.9197545977646439, 6], [0, 0.8656916767271368, 5], [0, 0.9154243227683656, 6], [0, 0.18507239725653313, 5], [0, 0.8616298530873614, 5], [0, 0.270616318866713, 6], [0, 0.41384623625236083, 5], [0, 0.8493637616077291, 6], [0, 0.7366191951430882, 4], [0, 0.4979949034911064, 4], [0, 0.7524877101490139, 4], [0, 0.030150792033936002, 4], [0, 0.18578636170949703, 5]], [[1, 0.6549662617276601, 4]], [[0, 0.06968917699922927, 1]], [[5, 0.7380644968832902, 1]], [[5, 0.580495797707531, 3], [6, 0.7318397161062511, 6], [0, 0.0479692086606216, 7], [7, 0.8636522391651467, 6], [2, 0.26471530748216787, 4], [4, 0.5383266558497543, 3], [2, 0.254866825307024, 3]], [[6, 0.5967328716621692, 2], [0, 0.07810258298078587, 4], [7, 0.7013618183972804, 4], [9, 0.9593593347706143, 4], [2, 0.27117154963550516, 3], [6, 0.6603880696567346, 3], [8, 0.8652458920994185, 3]]]","popsize=16*ndims\nparams=Params(ilshade.memory(popsize))\noptimizer=create_optimizer(lpsr(pmin=round(popsize*0.6)),update_strategy(Ignore,ensemble.either(mutation.cma(),mutation.current_to_rand_1(params.adaptative(param_strategy(0.7,jade.normal_get_strategy(0.1),Ignore,dbshade.cauchy_learning_strategy())), include_archive=False),params.adaptative(random.boolean(low=0.0,high=0.7,weighted=True,learning_rate=0.8))),crossover.all(),reparation.clip(),Ignore),Ignore,popsize,params)",19.531804130857626,393669.8416440487,15,1350,30
F18,"[[[0, 0.4972451083714313, 0]], [[4, 0.8495036973296973, 1]], [], [[1, 0.6086911241728599, 1]], [[0, 0.2821422485462277, 1]], [[0, 0.2096631372834028, 2]], [[0, 0.19028874263780027, 2]], [[11, 0.9408636796642639, 3], [6, 0.5050251922978398, 3]], [[0, 0.0, 2]], [[0, 0.13486909017769488, 3], [5, 0.9183249375377294, 3]], [[1, 0.9240080718227573, 2]], [], [[1, 0.8483451450236755, 3], [1, 0.6525743175595567, 3]], [], [[0, 0.3224185915316513, 4], [0, 0.0, 4]], [], [], [], [[1, 0.7403084619501867, 4], [1, 0.5545990299769523, 4]], [[0, 0.21560292247542612, 5], [0, 0.2624906853063076, 5]], [[0, 0.47606593050999946, 2], [0, 0.7965370817371247, 5], [0, 0.07528294781923928, 5]], [[1, 0.6549662617276601, 4]], [[0, 0.10393443329493679, 1]], [[5, 0.7237162484930597, 1]], [[5, 0.580495797707531, 3], [6, 0.7318397161062511, 6], [0, 0.0479692086606216, 6]], [[9, 0.8939959857874414, 2], [0, 0.07810258298078587, 6], [7, 0.7013618183972804, 4], [9, 1.0, 4], [2, 0.27117154963550516, 6], [6, 0.6603880696567346, 4], [8, 0.8652458920994185, 4]]]","popsize=19*ndims\nparams=Params(nshade.memory())\noptimizer=create_optimizer(lpsr(pmin=round(popsize*0.6)),update_strategy(Ignore,mutation.cma(),crossover.all(),reparation.clip(),Ignore),Ignore,popsize,params)",5.566516896536786,777579.291249752,15,1350,30
F19,"[[[0, 0.24434885382390403, 0]], [[4, 0.9188350650182969, 1]], [], [[1, 0.4240543041702902, 1]], [[0, 0.8360090867972327, 1]], [[1, 0.8333842746183343, 2]], [[1, 0.4570590108142564, 2]], [[11, 0.9605000777075754, 3], [11, 0.9081990690057471, 3]], [[2, 0.8958568521300052, 2]], [[3, 0.6304017856883282, 3], [3, 0.5846502045403198, 3], [0, 0.08323015187061988, 3]], [[1, 0.7615598373874122, 2]], [[2, 0.5716706364973438, 4]], [[0, 0.21421637871797383, 3]], [[0, 0.5343596658955212, 3]], [[0, 0.47249932954488516, 4], [0, 0.13886678243693718, 4], [0, 0.2183230862647466, 4]], [[1, 0.8231491605524327, 5]], [], [], [[0, 0.29763012387405463, 4]], [[0, 0.060077998733410215, 5], [0, 0.31482502584752553, 5], [0, 0.34668566711236515, 5]], [[0, 0.005187613128940338, 2], [0, 0.8735452591856879, 4], [0, 0.8116066751851754, 4], [0, 0.7610280305835384, 3], [0, 0.5796910259955468, 3]], [[1, 1.0, 4], [0, 0.2013955608569038, 2], [0, 0.4682408499012062, 2]], [[1, 0.5778649449206383, 1]], [[5, 0.7173615760873855, 1]], [[6, 0.6790768839433972, 3], [6, 0.6818139221009965, 5], [4, 0.5418240333365903, 5], [5, 0.6412538277766033, 3], [4, 0.4386785925954767, 4], [0, 0.0, 3], [6, 0.7619001990214352, 3]], [[0, 0.0, 2], [6, 0.6528940509958958, 4], [3, 0.328077838123757, 4], [2, 0.22978260910501958, 6], [3, 0.3212037108292626, 6], [7, 0.7765386047711795, 3], [1, 0.1511069290945407, 3], [5, 0.5984481538077182, 3], [5, 0.5092803208236576, 2], [7, 0.7513048276478177, 2], [7, 0.7014591598212626, 2]]]","popsize=10*ndims\nparams=Params(nshade.memory())\noptimizer=create_optimizer(lpsr(pmin=round(popsize*0.7)),update_strategy(Ignore,ensemble.either(mutation.cma(),mutation.cma(),params.adaptative(random.boolean(low=0.6,high=0.3,weighted=False,learning_rate=Ignore))),ensemble.choice([crossover.exponential(params.static(0.2)),crossover.exponential(params.static(0.3)),crossover.all()],params.adaptative(random.range(3,pmin=0.7,pmax=0.5,learnable=False))),reparation.clip(),booster.imode(0.716, 0.5, 0.51)),archive(round(popsize*5.7), allow_resizing=True),popsize,params)",21.966463052305244,690218.2834134102,15,1350,30
F20,"[[[0, 0.7512458846540859, 0]], [[3, 0.6786036021643552, 1]], [[0, 0.0, 2]], [[1, 0.6676907716167717, 1]], [[0, 0.4716155727705037, 1]], [[1, 1.0, 2]], [[0, 0.02455463111700562, 2]], [[11, 0.9761333389056048, 3]], [[0, 0.0, 2]], [[1, 0.31036494350534416, 3], [4, 0.6883722135090876, 3], [5, 0.925369689002111, 3]], [[0, 0.2952282178126009, 2]], [], [[1, 0.9103472341873757, 3]], [[0, 0.3637648589932061, 3]], [[0, 0.06347828441171155, 4], [1, 0.9448470526916677, 4]], [[1, 0.7696456869522608, 5]], [[1, 0.3062266205545239, 5], [3, 0.5758980750227455, 5]], [[6, 0.6363865621516734, 5]], [[1, 0.9608799042446025, 4]], [[0, 0.07114742877983748, 5], [0, 0.3466491927346894, 5]], [[0, 0.3693881356109442, 2], [0, 0.6095773166960045, 3], [0, 0.6012619490662812, 6], [0, 0.10884483091925101, 5], [0, 0.2493915275814078, 3]], [[1, 0.9086883139063828, 4], [1, 0.5177868240767913, 2]], [[0, 0.12331344914805742, 1]], [[4, 0.5030472142802593, 1]], [[6, 0.7246161824221574, 2], [1, 0.2227779656780674, 3], [7, 0.8693587975468563, 3], [2, 0.2614878764376951, 3], [0, 0.04973171875645019, 4], [1, 0.20244991942064716, 3], [3, 0.4241863636425265, 3], [7, 0.8449750265280649, 4], [8, 0.8966430122410115, 3]], [[5, 0.585619121445989, 6], [1, 0.1452631747808305, 3], [0, 0.0, 3], [0, 0.020754960941833156, 3], [2, 0.22942291983092084, 3], [3, 0.37098279250446364, 3]]]","popsize=7*ndims\nparams=Params(ilshade.memory(2))\noptimizer=create_optimizer(lpsr(pmin=round(popsize*0.8)),update_strategy(Ignore,mutation.cma(),crossover.binomial(params.static(0.5)),reparation.middle_from_parent(),booster.imode(0.103, 0.1, 0.02)),Ignore,popsize,params)",100.00000000000037,299179.17755031586,15,1350,30
F21,"[[[0, 0.13321417061722518, 0]], [[1, 0.1929354449063332, 1]], [[0, 0.3426770312536276, 2]], [[2, 1.0, 1]], [[0, 0.9264348198151184, 1]], [[1, 1.0, 2]], [[2, 0.9305454523150845, 2]], [[3, 0.251715350027068, 3], [10, 0.8585635224360251, 3], [1, 0.14866241077231646, 3]], [[1, 0.36420068268847916, 2]], [[2, 0.49909601789766067, 3], [2, 0.4991988860006963, 3]], [[0, 0.25549074319979403, 2]], [[3, 1.0, 4], [1, 0.2686265625426604, 4]], [[1, 1.0, 3]], [[0, 0.32108051754157174, 3], [0, 0.40510290119852577, 3]], [[1, 0.5741260972857433, 4], [1, 0.6395009248121284, 4], [1, 0.959684716421969, 4], [1, 0.9527278580490766, 4], [0, 0.20864282777641863, 4]], [[1, 0.8719968371209885, 5], [0, 0.3027436652263872, 5], [0, 0.12176577494471202, 5], [0, 0.14235520177867278, 5], [1, 0.6790245518826031, 5]], [[5, 0.9090372488773042, 5], [5, 0.9539992183622605, 5], [4, 0.7616703163002092, 5], [2, 0.4392898149253882, 5], [5, 0.8838741577152717, 5]], [[0, 0.060751240220078134, 5], [3, 0.28232203986145055, 5], [3, 0.3351884303888766, 5], [5, 0.4869932966826448, 5], [7, 0.718247710479694, 5]], [[0, 0.01414079573932131, 4], [1, 1.0, 4]], [[0, 0.2368802448934971, 5], [1, 0.8893514631604574, 5], [0, 0.1487931131336635, 5], [0, 0.06787912526269979, 5], [0, 0.4400674937021427, 5], [0, 0.20208813131316195, 5], [1, 0.7954789578386123, 5]], [[0, 0.6017204088514039, 5], [0, 0.12377543565793259, 6], [0, 0.3898769576591936, 5], [0, 0.9167200826255113, 6], [0, 0.4338007246775366, 5], [0, 0.3694573293732206, 6], [0, 0.5523328931994044, 4], [0, 0.9479630127063653, 4], [0, 0.44995080501156903, 5], [0, 0.04915954891916419, 6], [0, 0.06690219898839234, 4], [0, 0.3398326904466803, 4], [0, 0.9941798340000612, 3], [0, 0.7187833671996172, 4], [0, 0.8204167032987438, 5], [0, 0.6223497338221505, 4]], [[0, 0.14745279006458134, 4], [1, 1.0, 4], [0, 0.3523696357266305, 4], [1, 0.8468809829361013, 4], [1, 0.6940450834703065, 4]], [[0, 0.16540095331420557, 1]], [[6, 1.0, 1]], [[1, 0.1761199534825405, 3], [8, 1.0, 6], [2, 0.23225158327832607, 7], [5, 0.6204230874468016, 6], [6, 0.7029730234610668, 7], [7, 0.819947257794071, 6], [1, 0.13264118684825932, 7], [1, 0.19934708981215055, 5], [5, 0.6488979552162207, 5], [8, 1.0, 6], [2, 0.31192950280747006, 7], [5, 0.6470658818261663, 5], [1, 0.19171062138827033, 5], [3, 0.38575360756701327, 3], [2, 0.2623169924397827, 4], [3, 0.43497358610529635, 3], [7, 0.8545043528178745, 5]], [[8, 0.8032954982638115, 6], [0, 0.08840502087380864, 6], [1, 0.1481946889851941, 4], [8, 0.8798112966258245, 6], [0, 0.0, 4], [0, 0.06576344628000763, 4], [1, 0.19112099321954867, 4], [7, 0.7013841938116454, 3], [9, 0.9362523306410355, 3], [7, 0.751964910604719, 3]]]","popsize=25*round(np.log(ndims)*np.sqrt(ndims))\nparams=Params(shade.memory(2))\noptimizer=create_optimizer(lpsr(pmin=4),update_strategy(Ignore,ensemble.choice([mutation.rand_to_best_2(params.adaptative(param_strategy(0.9,jade.normal_get_strategy(0.3),lshadespa.cauchy_repair_strategy(),jade.cauchy_learning_strategy(0.8))), include_archive=True),mutation.current_to_ord_pbest_1(params.adaptative(param_strategy(0.6,jade.cauchy_get_strategy(0.7),lshadespa.cauchy_repair_strategy(),shade.normal_learning_strategy())),p=params.adaptative(random.uniform(low=0.0,high=1)), include_archive=False),mutation.rand_2(params.adaptative(param_strategy(0.8,jade.cauchy_get_strategy(0.2),jso.normal_repair_strategy(),shade.normal_learning_strategy())), include_archive=True)],params.adaptative(random.range(3,pmin=0.2,pmax=0.6,learnable=False))),ensemble.either(crossover.binomial_with_cauchy_perturbation(params.adaptative(param_strategy(0.9,jade.cauchy_get_strategy(0.3),ilshade.normal_repair_strategy(),lshade.normal_learning_strategy())), scale=0.6, jump_rate=0.1),crossover.binomial_with_cauchy_perturbation(params.static(0.8), scale=0.2, jump_rate=0.0),params.adaptative(random.boolean(low=0.0,high=0.1,weighted=True,learning_rate=Ignore))),reparation.middle_from_parent(),booster.imode(0.794, 0.3, 0.74)),Ignore,popsize,params)",100.00000000000138,432930.36247873306,15,1350,30
F22,"[[[0, 0.5295229102685691, 0]], [[2, 0.5037203522350626, 1]], [[1, 0.8742737986912994, 2]], [[1, 0.6495394400076702, 1]], [[0, 0.004672425328733132, 1]], [[0, 0.03525213955066708, 2]], [[2, 0.8084242879198763, 2]], [[5, 0.4528127945110314, 3], [0, 0.059573703668414746, 3], [2, 0.20055360309784753, 3]], [[2, 0.6715198738326537, 2]], [[2, 0.3708234087913591, 3], [3, 0.5127637464869714, 3], [5, 0.986266642620522, 3]], [[0, 0.015732778687799653, 2]], [[0, 0.15874863645233073, 4], [1, 0.371659325505289, 4]], [], [[0, 0.5558798408383053, 3], [0, 0.07666186295099908, 3]], [[1, 0.5411996086545781, 4], [0, 0.0, 4], [1, 0.9182513622299625, 4], [0, 0.12150546696393083, 4], [1, 0.734404159496078, 4], [1, 0.5950574831745601, 4]], [[1, 0.56956216038496, 5], [1, 0.9965618573470332, 5], [1, 0.6933624404073567, 5], [0, 0.3708720712880804, 5]], [[1, 0.30886765546817574, 5], [0, 0.011813122259482611, 5], [2, 0.4987659494878932, 5], [1, 0.28663050124660383, 5]], [[6, 0.5977243010118777, 5], [5, 0.5103529027069146, 5], [2, 0.1959127766104174, 5], [2, 0.2186214080787715, 5]], [], [[1, 0.9823973474268907, 5], [0, 0.3154584704198886, 5]], [[0, 0.6371936854145495, 2], [0, 0.33263848661292417, 5], [0, 0.46139374460270066, 6], [0, 0.7413278025339396, 5], [0, 0.4277439302323923, 6], [0, 0.885357051076034, 4], [0, 0.9463777596672707, 4], [0, 0.38428485976737015, 4], [0, 0.43230469188058673, 5], [0, 0.4387796383594683, 6], [0, 0.8011706345682764, 5], [0, 0.7332237629653287, 6], [0, 0.0028629751929264424, 4], [0, 0.5640370166982123, 4]], [[1, 0.8743478006976165, 4], [0, 0.31849939952909034, 4], [1, 0.8578736822430316, 4], [1, 0.5738768199924309, 4], [0, 0.45067853011001735, 4], [0, 0.20004541905341156, 2]], [[1, 0.6431350762346069, 1]], [[4, 0.6037841327630069, 1]], [[5, 0.5963572817936765, 2], [2, 0.250172046407522, 3], [1, 0.22155073380815193, 6], [0, 0.04013505053310118, 7], [8, 1.0, 6], [5, 0.6082806727965396, 7], [6, 0.7518483377330973, 5], [8, 0.9448542957073571, 5], [5, 0.5598696342440135, 5], [7, 0.8855477262389095, 6], [1, 0.1207200860256481, 7], [2, 0.3226561243121159, 6], [6, 0.6835857236015664, 7], [0, 0.09428900425830666, 5], [5, 0.6189609763057401, 5]], [[1, 0.1782297900507327, 6], [4, 0.43978717436012826, 4], [2, 0.23565059970812197, 2], [4, 0.4745563464460436, 2]]]","popsize=6*ndims\nparams=Params(lshade.memory(popsize))\noptimizer=create_optimizer(lpsr(pmin=round(popsize*0.3)),update_strategy(Ignore,ensemble.choice([mutation.best_2(params.adaptative(param_strategy(0.2,jade.normal_get_strategy(0.1),ilshade.cauchy_repair_strategy(),ilshade.cauchy_learning_strategy())), include_archive=False),mutation.rand_1(params.static(1), include_archive=True),mutation.rand_to_best_1(params.adaptative(param_strategy(0.9,jade.normal_get_strategy(0.6),Ignore,lshade.normal_learning_strategy())), include_archive=False)],params.adaptative(random.range(3,pmin=0.7,pmax=0.9,learnable=False))),ensemble.choice([crossover.binomial_with_cauchy_perturbation(params.static(0.1), scale=0.6, jump_rate=0.4),crossover.exponential(params.adaptative(param_strategy(0.8,jade.normal_get_strategy(0.2),ilshade.normal_repair_strategy(),shade.cauchy_learning_strategy()))),crossover.shuffled_exponential(params.adaptative(param_strategy(0.3,jade.cauchy_get_strategy(0.7),ilshade.cauchy_repair_strategy(),shade.cauchy_learning_strategy())))],params.adaptative(random.range(3,pmin=0.1,pmax=0.6,learnable=True))),reparation.middle_from_parent(),Ignore),archive(round(popsize*2.4), allow_resizing=True),popsize,params)",192.35385067415788,352504.10402083397,15,1350,30
F23,"[[[0, 0.13321417061722518, 0]], [[4, 0.8441062941602181, 1]], [[0, 0.12332729707869572, 2]], [[2, 0.6572721751353231, 1]], [[0, 0.9175814031979634, 1]], [[1, 0.5780506924345657, 2]], [[2, 1.0, 2]], [[11, 1.0, 3], [7, 0.6113639360232831, 3], [9, 0.789626388427385, 3]], [[1, 0.6054597851793063, 2]], [[1, 0.23681806616433243, 3], [1, 0.2913524041231632, 3], [4, 0.7177867236399726, 3]], [[0, 0.25549074319979403, 2]], [[3, 0.7489021520514179, 4]], [[0, 0.0, 3], [0, 0.09028615548345087, 3]], [[0, 0.4364250023115426, 3], [0, 0.13999102932087581, 3]], [[0, 0.05385153595454384, 4], [1, 0.9767458932942139, 4], [1, 0.959684716421969, 4], [0, 0.3152439193462724, 4], [0, 0.2780502613615261, 4]], [[1, 1.0, 5], [1, 0.9578937449974191, 5], [1, 0.6255720304638639, 5], [1, 0.5156227126712645, 5]], [[1, 0.19899482580968952, 5], [5, 0.86149903534223, 5], [4, 0.7924783972548937, 5], [1, 0.28913285947592937, 5], [1, 0.25516692455072254, 5], [4, 0.7771256800693884, 5]], [[10, 0.9732311122533016, 5], [0, 0.002268297019186849, 5], [0, 0.0, 5], [10, 0.9623027228074081, 5]], [[0, 0.0, 4]], [[0, 0.0, 5], [0, 0.30130507880276347, 5], [0, 0.2864517283942781, 5], [1, 0.8631924018404561, 5], [0, 0.24675396127036864, 5]], [[0, 0.6017204088514039, 5], [0, 0.12377543565793259, 6], [0, 0.3898769576591936, 4], [0, 0.9167200826255113, 4], [0, 0.4338007246775366, 5], [0, 0.3694573293732206, 6], [0, 0.5523328931994044, 3], [0, 0.9479630127063653, 3], [0, 0.44995080501156903, 4], [0, 0.04915954891916419, 5], [0, 0.06690219898839234, 3]], [[0, 0.1325554458593181, 4], [1, 0.8558195958227298, 4], [0, 0.49067443290999124, 4], [1, 0.5084274350256088, 4]], [[0, 0.41685910809562654, 1]], [[3, 0.5838837416561107, 1]], [[0, 0.0, 6], [6, 0.7599973551344504, 7], [5, 0.6810975165657036, 5], [0, 0.0, 5], [0, 0.10639173447710137, 6], [7, 0.833401654756056, 7], [3, 0.3558236970159474, 3], [0, 0.07913982015212329, 4], [5, 0.5796275313188513, 3], [3, 0.3893125281736395, 7], [0, 0.11212650617101383, 3], [3, 0.3679287469299527, 4], [0, 0.041907570501450664, 3]], [[4, 0.44552537623972477, 6], [6, 0.6863262474722225, 6], [6, 0.6522765480476664, 6], [6, 0.6781780815407775, 6], [4, 0.48871979321533754, 4], [7, 0.7449349493023218, 4], [2, 0.28978357167876434, 3], [0, 0.0, 3], [7, 0.7471183983808303, 3], [2, 0.24312274074355844, 3], [2, 0.26796643753764904, 2]]]","popsize=200\nparams=Params(nshade.memory())\noptimizer=create_optimizer(lpsr(pmin=4),update_strategy(Ignore,ensemble.choice([mutation.cma(),mutation.current_to_pbest_1(params.static(0.4),p=params.adaptative(random.uniform(low=0.6,high=0.6)), include_archive=True),mutation.current_to_ord_best_1(params.adaptative(param_strategy(0.1,jade.normal_get_strategy(0.7),ilshade.cauchy_repair_strategy(),nshade.normal_learning_strategy())),include_archive=False)],params.adaptative(random.range(3,pmin=0.6,pmax=0.1,learnable=True))),ensemble.either(crossover.binomial(params.adaptative(param_strategy(0.1,jade.normal_get_strategy(0.8),lshadespa.cauchy_repair_strategy(),jade.cauchy_learning_strategy(0.6)))),crossover.binomial(params.static(1)),params.adaptative(random.boolean(low=0.4,high=0.7,weighted=False,learning_rate=Ignore))),reparation.middle_from_parent(),booster.imode(0.204, 0.1, 0.76)),Ignore,popsize,params)",200.0,319081.1003665924,15,1350,30
F24,"[[[0, 0.2635448504450698, 0]], [[1, 0.23994794545389542, 1]], [[1, 1.0, 2]], [[2, 0.928812521116954, 1]], [[0, 0.3019540198409236, 1]], [[0, 0.20780353003378305, 2]], [[1, 0.43341547847873957, 2]], [[8, 0.7265886869827828, 3], [10, 0.8992615191514624, 3]], [[2, 0.804015294942844, 2]], [[4, 0.7544667977063793, 3], [5, 1.0, 3], [2, 0.35614236265356625, 3]], [[1, 0.7762904708381715, 2]], [[3, 0.9917589308749086, 4], [1, 0.2607158617941121, 4]], [[1, 0.8934520299545481, 3]], [[0, 0.006769118409126529, 3]], [[0, 0.22067940842046263, 4], [0, 0.18155258032077626, 4], [1, 0.6500292316285486, 4], [0, 0.0875576881635223, 4], [1, 1.0, 4]], [[1, 0.661422388428006, 5], [1, 0.7877804230707363, 5]], [[5, 0.9726703056745523, 5], [1, 0.2538320316423798, 5]], [[9, 0.8696990544914401, 5], [7, 0.6239877043559695, 5]], [[0, 0.0, 4]], [[0, 0.027542312144184344, 5], [0, 0.27236978580480653, 5], [0, 0.27815241686318093, 5], [1, 0.584297208767415, 5], [0, 0.310075911397314, 5]], [[0, 0.2085467727876178, 5], [0, 0.9207666032069648, 6], [0, 0.6531372548571152, 5], [0, 0.052354716779795085, 6], [0, 0.502460357353666, 4], [0, 0.3504402542731694, 4], [0, 0.5510398269840203, 4], [0, 0.0706876573740669, 3], [0, 0.05464206196824106, 3]], [[0, 0.06987802201818183, 4], [0, 0.0, 4], [0, 0.5045148595613314, 4], [0, 0.23105224834163973, 2], [1, 0.8191019781009844, 4], [1, 0.5548022678579435, 2]], [[1, 0.6118512681414706, 1]], [[1, 0.2319078046843287, 1]], [[4, 0.4334826737803672, 6], [6, 0.7185498195031217, 7], [8, 0.9230408627219826, 6], [8, 0.9277402491405706, 7], [1, 0.16951557594073352, 5], [8, 1.0, 5], [5, 0.5737026385767743, 5], [7, 0.7884275455604018, 3], [4, 0.5157737779263062, 4], [8, 0.9341187026987966, 3], [6, 0.6886546105643206, 3]], [[0, 0.0, 6], [0, 0.00760467130178466, 6], [4, 0.4789670134609467, 6], [9, 1.0, 4], [4, 0.47244784145234137, 4], [8, 0.8465462888066037, 6], [6, 0.6776319002245272, 4], [4, 0.432775321412464, 2], [4, 0.4757573140425596, 2], [8, 0.8517661852378098, 2], [5, 0.5430065241402944, 2], [1, 0.15279933333893436, 2], [2, 0.2442645393798022, 2]]]","popsize=100\nparams=Params(shade.memory(popsize))\noptimizer=create_optimizer(lpsr(pmin=4),update_strategy(Ignore,ensemble.either(mutation.current_to_pbestw_1(params.static(0.0),p=params.adaptative(random.uniform(low=0.0,high=0.4)), include_archive=True),mutation.current_to_ord_pbest_1(params.static(1),p=2/popsize, include_archive=True),params.adaptative(random.boolean(low=0.9,high=0.4,weighted=True,learning_rate=Ignore))),ensemble.choice([crossover.multiple_exponential(params.adaptative(param_strategy(0.5,jade.normal_get_strategy(0.7),lshadespa.cauchy_repair_strategy(),nshade.cauchy_learning_strategy()))),crossover.shuffled_exponential(params.static(0.8)),crossover.binomial_with_cauchy_perturbation(params.adaptative(param_strategy(0.9,jade.normal_get_strategy(0.9),ilshade.cauchy_repair_strategy(),ilshade.normal_learning_strategy())), scale=0.2, jump_rate=0.6)],params.adaptative(random.range(3,pmin=0.9,pmax=0.6,learnable=True))),reparation.clip(),Ignore),archive(round(popsize*4.4), allow_resizing=True),popsize,params)",390.5753043332235,325846.62739515305,15,1350,30
F25,"[[[0, 0.825028165293975, 0]], [[1, 0.24419598862599726, 1]], [[0, 0.0, 2]], [[2, 0.720504360629302, 1]], [[0, 0.9593216764420579, 1]], [[1, 0.5645886083289309, 2]], [[2, 0.9190253261985771, 2]], [[8, 0.7265886869827828, 3], [4, 0.40790044018644755, 3], [11, 1.0, 3]], [[2, 0.804015294942844, 2]], [[5, 0.8383001852286827, 3], [4, 0.8365675304032559, 3], [2, 0.35614236265356625, 3]], [[0, 0.37376179411641663, 2]], [[1, 0.27615156625434367, 4], [0, 0.20665003055276943, 4], [3, 0.8649966789907751, 4]], [[1, 0.8934520299545481, 3]], [[0, 0.8574197329350071, 3], [0, 0.4625577747575764, 3]], [[0, 0.22067940842046263, 4], [0, 0.18155258032077626, 4], [1, 0.9129176381681878, 4], [0, 0.23470371873355267, 4], [1, 0.8953793443514307, 4]], [[1, 0.661422388428006, 5], [1, 0.7877804230707363, 5]], [[5, 0.9726703056745523, 5], [1, 0.2538320316423798, 5]], [[10, 0.9403477055003233, 5], [10, 0.9208821215258881, 5]], [[0, 0.09141085653449887, 4]], [[0, 0.42466171041320777, 5], [1, 0.7803561860804348, 5], [0, 0.1987788690672162, 5], [0, 0.1552666617578734, 5]], [[0, 0.908606636616709, 4], [0, 0.487652105027262, 4], [0, 0.35777526989935315, 5], [0, 0.5046090686519288, 6], [0, 0.5318822356265458, 5], [0, 0.5163086656918255, 6], [0, 0.33122877906888504, 4], [0, 0.811706638601752, 4], [0, 0.7290340004975959, 4], [0, 0.7746864213094056, 3]], [[0, 0.48487710826510877, 4], [0, 0.2658778263290087, 4], [0, 0.20619200100517787, 4], [0, 0.3121840915030618, 4]], [[0, 0.11128963420144489, 1]], [[1, 0.20872939875446184, 1]], [[3, 0.4334826737803672, 3], [6, 0.7185498195031217, 5], [7, 0.826864513448388, 5], [8, 0.9277402491405706, 6], [1, 0.16951557594073352, 7], [7, 0.7739247049407476, 6], [3, 0.3482703520242887, 7], [7, 0.8495105516170679, 5], [4, 0.5157737779263062, 5], [8, 0.9568493746562561, 5], [5, 0.5506471437893438, 3], [0, 0.02356299244408666, 4], [8, 0.9155480530751856, 3]], [[7, 0.7716839391263074, 6], [6, 0.6196614041793461, 6], [9, 1.0, 4], [4, 0.4291385703846595, 3], [1, 0.18580563984715892, 3], [9, 0.9695832055425035, 3], [1, 0.21030168390797088, 3], [0, 0.020113562513095262, 3], [4, 0.4165097058380567, 3]]]","popsize=100\nparams=Params(shade.memory(4))\noptimizer=create_optimizer(lpsr(pmin=4),update_strategy(Ignore,ensemble.choice([mutation.current_to_pbestw_1(params.static(0.7),p=2/popsize, include_archive=True),mutation.best_1(params.static(1), include_archive=True),mutation.cma()],params.adaptative(random.range(3,pmin=0.7,pmax=0.8,learnable=True))),ensemble.choice([crossover.shuffled_exponential(params.adaptative(param_strategy(0.9,jade.normal_get_strategy(0.2),lshadespa.cauchy_repair_strategy(),nshade.normal_learning_strategy()))),crossover.multiple_exponential(params.static(0.6)),crossover.binomial_with_cauchy_perturbation(params.adaptative(param_strategy(0.8,jade.normal_get_strategy(0.4),ilshade.cauchy_repair_strategy(),nshade.normal_learning_strategy())), scale=0.8, jump_rate=0.9)],params.adaptative(random.range(3,pmin=0.5,pmax=0.9,learnable=True))),reparation.middle_from_parent(),booster.imode(0.416, 0.1, 0.99)),Ignore,popsize,params)",1.7316263224219958e-12,485608.9855926037,15,1350,30
F26,"[[[0, 0.45638305057109896, 0]], [[3, 0.6236446810577814, 1]], [[0, 0.0005477558285864603, 2]], [[1, 0.40797954079762966, 1]], [[0, 0.16751523772348564, 1]], [[0, 0.2561953169561838, 2]], [[1, 0.5298976816907555, 2]], [[7, 0.6243574016793356, 3], [11, 1.0, 3]], [[1, 0.5577232217671466, 2]], [[5, 0.9583000881693116, 3], [4, 0.6910402856407561, 3], [4, 0.6997332165893694, 3]], [[1, 0.771761222863012, 2]], [[3, 1.0, 4], [1, 0.48334256166173817, 4]], [[0, 0.31629999675606785, 3], [1, 0.8603840724729961, 3]], [[0, 0.7683116317571176, 3]], [[1, 0.7157210021286772, 4], [0, 0.26747104900292173, 4], [1, 0.9642551575016787, 4], [0, 0.11520459590745002, 4], [1, 0.9349027770782665, 4]], [[1, 0.8480303814842791, 5], [1, 0.8410353529031953, 5], [1, 0.5406899151029033, 5]], [[2, 0.3758706866461925, 5], [3, 0.5564566529999803, 5], [1, 0.3158213559278146, 5]], [[1, 0.11871661539622169, 5], [2, 0.2788663405855095, 5], [1, 0.13169744637782177, 5]], [[0, 0.0, 4], [1, 0.9481500930228672, 4]], [[1, 0.9603880883683216, 5], [1, 1.0, 5], [0, 0.0, 5]], [[0, 0.29575595304267865, 2], [0, 0.7889030154459697, 5], [0, 0.8221826360516026, 6], [0, 0.8549053431351905, 5], [0, 0.08352432157784084, 6], [0, 0.1729271383317853, 5], [0, 0.42677830033963116, 3], [0, 0.1403209764469756, 5], [0, 0.8325535946271174, 3], [0, 0.3685195397405159, 3]], [[1, 0.762644717269563, 4], [0, 0.19458245485860626, 2], [0, 0.44221326984389353, 4], [1, 0.7918214466968317, 2]], [[1, 0.828709273237506, 1]], [[2, 0.35171827381405535, 1]], [[8, 0.9652593830266082, 3], [7, 0.8527661419049154, 3], [4, 0.4523129935200265, 6], [0, 0.0, 7], [6, 0.742648106728122, 6], [6, 0.741036640111387, 7], [7, 0.7764925022727409, 6], [7, 0.8741271442683358, 5]], [[4, 0.4450203214439462, 6], [1, 0.1658837254300557, 4], [4, 0.443440877155194, 4], [0, 0.05200770845757674, 6], [2, 0.2822191420687039, 4], [5, 0.51794702843269, 4], [4, 0.4032333240444078, 2], [0, 0.056768349580889055, 2], [0, 0.10011743199381018, 2], [9, 0.9720471233499465, 2], [6, 0.6200716311539538, 2]]]","popsize=150\nparams=Params(ilshade.memory(9))\noptimizer=create_optimizer(lpsr(pmin=round(popsize*0.8)),update_strategy(Ignore,ensemble.either(mutation.current_to_pbest_1(params.adaptative(param_strategy(0.5,jade.normal_get_strategy(0.1),ilshade.normal_repair_strategy(),jade.normal_learning_strategy(0.4))),p=params.adaptative(random.uniform(low=1,high=1)), include_archive=False),mutation.cma(),params.adaptative(random.boolean(low=0.1,high=0.4,weighted=False,learning_rate=Ignore))),ensemble.either(crossover.shuffled_exponential(params.static(0.0)),crossover.multiple_exponential(params.adaptative(param_strategy(0.7,jade.normal_get_strategy(0.7),jso.cauchy_repair_strategy(),shade.cauchy_learning_strategy()))),params.adaptative(random.boolean(low=0.2,high=0.5,weighted=True,learning_rate=0.8))),reparation.clip(),Ignore),archive(round(popsize*4.0), allow_resizing=True),popsize,params)",3.5224578334304324e-13,496336.54437971115,15,1350,30
F27,"[[[0, 0.706108160326122, 0]], [[3, 0.6977333647109808, 1]], [[1, 0.7159439494875077, 2]], [[0, 0.24670833603124454, 1]], [[0, 0.047783914842982056, 1]], [[1, 0.8294780616483834, 2]], [[0, 0.2301768355611582, 2]], [[7, 0.5239342410836227, 3]], [[1, 0.6097940828851852, 2]], [[5, 0.915277068079611, 3], [4, 0.7160418846088625, 3]], [[0, 0.24177345840798825, 2]], [[2, 0.5643921958759656, 4]], [[1, 0.7772178483158662, 3]], [], [[0, 0.181265022375232, 4], [1, 0.5256022983128715, 4], [1, 0.9097877492180569, 4]], [[0, 0.4374869937543193, 5], [1, 1.0, 5]], [[3, 0.6124881365709832, 5], [5, 1.0, 5]], [[10, 1.0, 5], [0, 0.0, 5]], [[1, 0.7350402805186265, 4]], [[0, 0.2870224123627848, 5], [1, 0.7903192321778987, 5], [1, 0.6203585656704518, 5]], [[0, 0.7025300781169914, 5], [0, 0.956984741831556, 6], [0, 0.10524987059421576, 5], [0, 0.4803914928402607, 6], [0, 0.05358511152382417, 5], [0, 0.25515715702450237, 3]], [[0, 0.0, 4]], [[0, 0.07177307218043069, 1]], [[1, 0.2725075481299435, 1]], [[1, 0.2178209893647789, 6], [8, 1.0, 7], [8, 0.9371544418117059, 6], [1, 0.19867382804202616, 7], [0, 0.0, 6], [8, 0.9988446765234947, 3], [3, 0.3720266604745667, 4], [0, 0.0, 3]], [[6, 0.6683257372449918, 6], [8, 0.8779114655856554, 6], [6, 0.6370245289639078, 4], [1, 0.17460600107031954, 4], [4, 0.46621371725630867, 3], [6, 0.6314904098872781, 3], [5, 0.5542412147303681, 3]]]","popsize=100\nparams=Params(ilshade.memory(popsize))\noptimizer=create_optimizer(Ignore,update_strategy(Ignore,mutation.current_to_pbest_1(params.static(0.6),p=params.adaptative(linear.eval(low=1,high=1)), include_archive=True),ensemble.either(crossover.shuffled_exponential(params.adaptative(param_strategy(0.2,jade.cauchy_get_strategy(0.9),jso.cauchy_repair_strategy(),nshade.normal_learning_strategy()))),crossover.multiple_exponential(params.adaptative(param_strategy(0.9,jade.normal_get_strategy(0.2),lshadespa.cauchy_repair_strategy(),jade.cauchy_learning_strategy(0.8)))),params.adaptative(random.boolean(low=0.6,high=0.1,weighted=True,learning_rate=0.1))),reparation.middle_from_parent(),booster.imode(0.469, 0.4, 0.51)),Ignore,popsize,params)",4.547473508864641e-13,350742.40155529976,15,1350,30
F28,"[[[0, 0.5524902937785735, 0]], [[1, 0.25071837156832255, 1]], [[1, 0.9589690963703417, 2]], [[2, 0.7969907706353806, 1]], [[0, 0.003702389398209438, 1]], [[0, 0.17017945040415794, 2]], [[2, 0.8244567777579662, 2]], [[8, 0.7203663219940298, 3], [7, 0.5653009421588873, 3], [0, 0.012517435825472711, 3]], [[2, 1.0, 2]], [[2, 0.4155442313418416, 3], [5, 0.9675135082872539, 3], [4, 0.747810601338727, 3]], [[0, 0.0, 2]], [[0, 0.05957597704407036, 4], [3, 0.8232305687100363, 4]], [[0, 0.024986253383605384, 3]], [[0, 0.5717786011189278, 3], [0, 0.3375326675235487, 3]], [[0, 0.12492047039972642, 4], [0, 0.03601526089802898, 4], [0, 0.009050395706702408, 4], [1, 0.9026297453779916, 4], [0, 0.3644336838312352, 4], [1, 0.798568555485566, 4]], [[1, 0.5705720160278034, 5], [0, 0.31080212549296315, 5], [1, 0.624542991359115, 5], [0, 0.3435682301759946, 5]], [[1, 0.3303589677458155, 5], [1, 0.19164209531522824, 5], [2, 0.4188339839765345, 5]], [[0, 0.0, 5], [2, 0.28771761412173924, 5], [7, 0.710472332976703, 5], [10, 0.9477586230928646, 5]], [[1, 0.6067395733218717, 4]], [[1, 0.996312024938215, 5], [0, 0.23920620126991665, 5], [0, 0.16092889824180823, 5], [1, 0.779812637849633, 5], [0, 0.17664436045532217, 5], [1, 0.802122502525087, 5]], [[0, 0.7865071219244585, 5], [0, 0.331073408811445, 4], [0, 0.6557617089080057, 4], [0, 0.19104838314631578, 5], [0, 0.13040749606335356, 6], [0, 0.9798189215472181, 4], [0, 0.6365957665855446, 5], [0, 0.6704649564751364, 6], [0, 0.8987011222571369, 4], [0, 0.448855436113195, 4], [0, 0.6577673533725171, 3], [0, 0.17273244090303674, 4], [0, 0.8927127995915173, 4], [0, 0.25621455282929695, 3]], [[1, 0.7053932608329807, 4], [1, 0.9088702829072284, 4], [1, 0.9434564017184816, 4], [1, 0.9091292932982163, 4], [0, 0.32422401488274244, 4], [1, 0.9108528782791954, 2]], [[0, 0.30444024692342997, 1]], [[0, 0.059415990218972814, 1]], [[7, 0.8647763907881473, 6], [3, 0.4202066468303083, 5], [5, 0.65458771069584, 5], [0, 0.0, 6], [3, 0.34804546473564024, 7], [5, 0.6146204576369512, 5], [2, 0.3177709830298533, 6], [8, 0.9962219158495498, 7], [0, 0.0, 5], [5, 0.604971230634823, 5], [7, 0.8293008914561172, 3], [4, 0.45574229721393833, 4], [8, 0.9361154588502724, 3]], [[4, 0.405587535512542, 6], [2, 0.25936543184095306, 6], [9, 1.0, 6], [8, 0.8486947325484433, 6], [8, 0.8180498625522096, 4], [2, 0.28863446741953713, 4], [9, 0.9909063266369357, 4], [8, 0.8091330145799267, 4], [9, 0.9861529585427458, 2], [1, 0.11120484412170073, 4], [6, 0.6485942702743364, 4], [0, 0.015590924524659489, 2], [9, 0.9203370831077852, 2]]]","popsize=50\nparams=Params(shade.memory(popsize))\noptimizer=create_optimizer(lpsr(pmin=4),update_strategy(Ignore,ensemble.choice([mutation.current_to_pbestw_1(params.static(1),p=0.8, include_archive=False),mutation.current_to_pbest_1(params.static(0.4),p=params.adaptative(random.uniform(low=0.2,high=1)), include_archive=False),mutation.rand_1(params.static(0.9), include_archive=False)],params.adaptative(random.range(3,pmin=0.4,pmax=0.6,learnable=False))),ensemble.choice([crossover.binomial_with_cauchy_perturbation(params.adaptative(param_strategy(0.1,jade.normal_get_strategy(0.4),ilshade.cauchy_repair_strategy(),jade.cauchy_learning_strategy(0.8))), scale=0.6, jump_rate=0.8),crossover.shuffled_exponential(params.static(1)),crossover.multiple_exponential(params.adaptative(param_strategy(0.3,jade.cauchy_get_strategy(0.9),ilshade.cauchy_repair_strategy(),shade.cauchy_learning_strategy())))],params.adaptative(random.range(3,pmin=0.1,pmax=0.6,learnable=True))),reparation.middle_from_parent(),Ignore),Ignore,popsize,params)",352.39063010857046,517618.04715132713,15,1350,30
F29,"[[[0, 0.3704535079506791, 0]], [[0, 0.13132521051739332, 1]], [], [[1, 0.43316526329131466, 1]], [[0, 0.047783914842982056, 1]], [[0, 0.49547829629120144, 2]], [[2, 0.8244567777579662, 2]], [[10, 0.8284525589594034, 3], [10, 0.8708271470985371, 3], [11, 0.9767832706780835, 3]], [[0, 0.10963753413412447, 2]], [[2, 0.46326763839408414, 3]], [[1, 0.8122976528986885, 2]], [[2, 0.6592081168816453, 4], [0, 0.0, 4]], [], [[0, 0.14152702463753308, 3]], [[1, 0.8451214233159764, 4], [0, 0.4737743984068147, 4], [1, 0.5104718733892535, 4], [0, 0.20648860834046523, 4], [0, 0.28479582652296354, 4]], [[0, 0.17205983870656083, 5], [0, 0.28893967581228786, 5], [1, 0.8703842944177248, 5]], [[5, 1.0, 5], [4, 0.7649743880070095, 5], [4, 0.668507660353719, 5]], [[1, 0.10145576325467831, 5], [9, 0.9033633918681101, 5], [1, 0.1820033580309568, 5]], [[1, 0.9952399258909075, 4]], [[1, 0.5767443754577399, 5], [1, 0.6622738941675458, 5], [1, 0.761735150146179, 5], [1, 1.0, 5], [1, 0.8148193312411348, 5], [1, 0.8907500966443674, 5]], [[0, 0.7088309201015908, 2], [0, 0.16354606347827438, 5], [0, 0.30395483194480666, 6], [0, 0.22754684309890527, 5], [0, 0.3020222201925513, 4], [0, 0.7248539459892853, 4], [0, 0.18894491313231898, 5], [0, 0.56977133076176, 6], [0, 0.5303258771422844, 4]], [[1, 0.9893888307423753, 4], [0, 0.34369226960558164, 4], [1, 0.5993850465847002, 4], [1, 0.9647212226464785, 2]], [[0, 0.19612595081813866, 1]], [[6, 0.9761175093494721, 1]], [[0, 0.051914573168765576, 3], [1, 0.15072858074546447, 6], [2, 0.25663793629556836, 7], [1, 0.22836823125528005, 6], [0, 0.06176466828230953, 5], [1, 0.13464608274173423, 5], [7, 0.8653626121401131, 6], [3, 0.38942005407261115, 7], [0, 0.0, 5], [5, 0.6490496194324855, 5], [4, 0.48192082679524784, 5], [7, 0.816151254973641, 3], [8, 0.9434100823662694, 3], [1, 0.19410039190067419, 3], [8, 0.9506227870660362, 4], [8, 0.9955597961243322, 3]], [[0, 0.05214141567813457, 6], [7, 0.8012347188908348, 4], [7, 0.7175028531631402, 2], [3, 0.36728536610686346, 2], [5, 0.5615658973294885, 2]]]","popsize=25*round(np.log(ndims)*np.sqrt(ndims))\nparams=Params(Ignore)\noptimizer=create_optimizer(lpsr(pmin=round(popsize*0.1)),update_strategy(Ignore,ensemble.choice([mutation.current_to_ord_pbest_1(params.adaptative(param_strategy(0.2,jade.cauchy_get_strategy(0.3),lshadespa.cauchy_repair_strategy(),jade.normal_learning_strategy(0.0))),p=params.adaptative(linear.eval(low=1,high=1)), include_archive=False),mutation.current_to_ord_pbest_1(params.static(1),p=0.2, include_archive=True),mutation.cma()],params.adaptative(random.range(3,pmin=0.1,pmax=0.2,learnable=False))),crossover.binomial_with_cauchy_perturbation(params.adaptative(param_strategy(0.8,jade.cauchy_get_strategy(0.4),jso.normal_repair_strategy(),nshade.cauchy_learning_strategy())), scale=0.1, jump_rate=0.7),reparation.clip(),Ignore),Ignore,popsize,params)",507.71988507717447,353018.450265646,15,1350,30